{"epoch": 0, "loss": 2.304787712097168, "accuracy": 0.1}
{"epoch": 1, "loss": 2.2811366939544677, "accuracy": 0.15}
{"epoch": 2, "loss": 2.2695398426055906, "accuracy": 0.14}
{"epoch": 3, "loss": 2.2402604484558104, "accuracy": 0.14}
{"epoch": 4, "loss": 2.0694361114501953, "accuracy": 0.25}
{"epoch": 5, "loss": 2.0346357727050783, "accuracy": 0.33}
{"epoch": 6, "loss": 1.8298615074157716, "accuracy": 0.38}
{"epoch": 7, "loss": 1.9676853561401366, "accuracy": 0.37}
{"epoch": 8, "loss": 1.704585075378418, "accuracy": 0.49}
{"epoch": 9, "loss": 1.5291429138183594, "accuracy": 0.55}
